단축코드,한글 종목약명,시장구분
098120,마이크로컨텍솔,Q
009520,포스코엠텍,Q
095570,AJ네트웍스,P
006840,AK홀딩스,P
079810,APS이노베이션,Q
282330,BGF리테일,P
027410,BGF,P
138930,BNK금융지주,P
001465,BYC우,P
001460,BYC,P
001045,CJ우,P
00104K,CJ4우(전환),P
001040,CJ,P
011155,CJ씨푸드1우,P
011150,CJ씨푸드,P
058820,CMG제약,Q
000590,CS홀딩스,P
012030,DB,P
005830,DB손해보험,P
016610,DB증권,P
000990,DB하이텍,P
001530,DI동일,P
000215,DL우,P
000210,DL,P
37550K,DL이앤씨우,P
37550L,DL이앤씨2우(전환),P
375500,DL이앤씨,P
155660,DSR,P
069730,DSR제강,P
017860,DS단석,P
017940,E1,P
365550,ESR켄달스퀘어리츠,P
050120,ES큐브,Q
383220,F&F,P
007700,F&F홀딩스,P
032620,GC메디아이,Q
078935,GS우,P
006360,GS건설,P
078930,GS,P
012630,HDC,P
097230,HJ중공업,P
014790,HL D&I,P
024850,HLB이노베이션,Q
204320,HL만도,P
060980,HL홀딩스,P
035000,HS애드,P
015360,INVENI,P
175330,JB금융지주,P
234080,JW생명과학,P
001065,JW중외제약우,P
001067,JW중외제약2우B,P
001060,JW중외제약,P
096760,JW홀딩스,P
105560,KB금융,P
432320,KB스타리츠,P
024120,KB오토시스,Q
009070,KCTC,P
044180,KD,Q
003620,KG모빌리티,P
016380,KG스틸,P
001390,KG케미칼,P
046440,KG파이낸셜,Q
001940,KISCO홀딩스,P
025000,KPX케미칼,P
092230,KPX홀딩스,P
000040,KR모터스,P
093050,LF,P
003555,LG우,P
034220,LG디스플레이,P
003550,LG,P
051905,LG생활건강우,P
051900,LG생활건강,P
373220,LG에너지솔루션,P
032640,LG유플러스,P
011070,LG이노텍,P
066575,LG전자우,P
066570,LG전자,P
051915,LG화학우,P
051910,LG화학,P
079550,LIG디펜스앤에어로스페이스,P
073490,LIG아큐버,Q
010120,LS ELECTRIC,P
000680,LS네트웍스,P
006260,LS,P
229640,LS에코에너지,P
108320,LX세미콘,P
001120,LX인터내셔널,P
086960,MDS테크,Q
023150,MH에탄올,P
035420,NAVER,P
181710,NHN,P
054050,NH농우바이오,Q
338100,NH프라임리츠,P
034310,NICE,P
063570,NICE인프라,Q
008260,NI스틸,P
004255,NPC우,P
004250,NPC,P
456040,OCI,P
010955,S-Oil우,P
010950,S-Oil,P
005090,SGC에너지,P
001380,SG글로벌,P
001770,SHD,P
002360,SH에너지화학,P
009160,SIMPAC,P
123700,SJM,P
025530,SJM홀딩스,P
03473K,SK우,P
011790,SKC,P
018670,SK가스,P
001740,SK네트웍스,P
210980,SK디앤디,P
395400,SK리츠,P
034730,SK,P
402340,SK스퀘어,P
260870,SK시그넷,X
361610,SK아이이테크놀로지,P
100090,SK오션플랜트,P
096775,SK이노베이션우,P
096770,SK이노베이션,P
001515,SK증권우,P
001510,SK증권,P
28513K,SK케미칼우,P
285130,SK케미칼,P
017670,SK텔레콤,P
003570,SNT다이내믹스,P
064960,SNT모티브,P
100840,SNT에너지,P
036530,SNT홀딩스,P
465770,STX그린로지스,P
011810,STX,P
077970,STX엔진,P
041930,SY동아,Q
084870,TBH글로벌,P
002710,TCC스틸,P
048770,TPC로보틱스,Q
024070,WISCOM,P
079940,가비아,Q
078890,가온그룹,Q
000500,가온전선,P
399720,가온칩스,Q
296520,가이아코퍼레이션,X
036620,감성코퍼레이션,Q
000860,강남제비스코,P
198440,강동씨앤엘,Q
217730,강스템바이오텍,Q
035250,강원랜드,P
114190,강원에너지,Q
094480,갤럭시아머니트리,Q
011420,갤럭시아에스엠,P
039240,경남스틸,Q
053950,경남제약,Q
002100,경농,P
009450,경동나비엔,P
267290,경동도시가스,P
012320,경동인베스트,P
011040,경동제약,Q
000050,경방,P
214390,경보제약,P
012610,경인양행,P
009140,경인전자,P
024910,경창산업,Q
013580,계룡건설,P
012205,계양전기우,P
012200,계양전기,P
002140,고려산업,P
049720,고려신용정보,Q
010130,고려아연,P
002240,고려제강,P
014570,고려제약,Q
348150,고바이오랩,Q
950190,고스트스튜디오,Q
098460,고영,Q
035290,골드앤에스,Q
215000,골프존,Q
121440,골프존홀딩스,Q
366030,공구우먼,Q
009290,광동제약,P
086220,광동헬스바이오,X
017040,광명전기,P
029480,광무,Q
017900,광전자,P
037710,광주신세계,P
026910,광진실업,Q
465320,교보15호스팩,Q
482520,교보16호스팩,Q
489210,교보17호스팩,Q
0041B0,교보18호스팩,Q
0098T0,교보19호스팩,Q
0132G0,교보20호스팩,Q
030610,교보증권,P
339770,교촌에프앤비,P
053270,구영테크,Q
007690,국도화학,P
066620,국보디자인,Q
043650,국순당,Q
006050,국영지앤엠,Q
060480,국일신동,Q
078130,국일제지,Q
307750,국전,Q
002720,국제약품,P
035080,그래디언트,Q
318060,그래피,Q
114090,GKL,P
900290,GRT,Q
453450,그리드위즈,Q
204020,그리티,Q
0015G0,그린광학,Q
402490,그린리소스,Q
114450,그린생명과학,Q
083420,그린케미칼,P
186230,그린플러스,Q
014530,극동유화,P
083450,GST,Q
900070,글로벌에스엠,Q
204620,글로벌텍스프리,Q
019660,글로본,Q
014285,금강공업우,P
014280,금강공업,P
053260,금강철강,Q
008870,금비,P
282720,금양그린파워,Q
001570,금양,P
002995,금호건설우,P
002990,금호건설,P
011785,금호석유화학우,P
011780,금호석유화학,P
214330,금호에이치티,P
001210,금호전기,P
073240,금호타이어,P
036190,금화피에스시,Q
049080,기가레인,Q
420770,기가비스,Q
035460,기산텔레콤,Q
092440,기신정기,P
000270,기아,P
013700,까뮤이앤씨,P
004545,깨끗한나라우,P
004540,깨끗한나라,P
407400,꿈비,Q
187790,나노,Q
121600,나노신소재,Q
286750,나노실리칸첨단소재,Q
247660,나노씨엠에스,Q
039860,나노엔텍,Q
091970,나노캠텍,Q
417010,나노팀,Q
244880,나눔테크,X
405920,나라셀라,Q
478340,나라스페이스테크놀로지,Q
051490,나라엠앤디,Q
137080,나래나노텍,Q
190510,나무가,Q
242040,나무기술,Q
459510,나우로보틱스,Q
293580,나우IB,Q
138610,나이벡,Q
130580,나이스디앤비,Q
036800,나이스정보통신,Q
030190,NICE평가정보,P
267320,나인테크,Q
001260,남광토건,P
008355,남선알미우,P
008350,남선알미늄,P
004270,남성,P
003925,남양유업우,P
003920,남양유업,P
025860,남해화학,P
111710,남화산업,Q
091590,남화토건,Q
168330,내츄럴엔도텍,Q
094860,네오리진,Q
253590,네오셈,Q
212560,네오오토,Q
095660,네오위즈,Q
042420,네오위즈홀딩스,Q
950220,네오이뮨텍,Q
311390,네오크레마,Q
085910,네오티스,Q
092730,네오팜,Q
153460,네이블,Q
007390,네이처셀,Q
033640,네패스,Q
330860,네패스아크,Q
351320,넥사다이내믹스,Q
005725,넥센우,P
005720,넥센,P
002355,넥센타이어1우B,P
002350,넥센타이어,P
089140,넥스턴앤롤코리아,Q
389650,넥스트바이오메디컬,Q
137940,넥스트아이,Q
160550,NEW,Q
396270,넥스트칩,Q
348210,넥스틴,Q
092790,넥스틸,P
225570,넥슨게임즈,Q
205500,넥써쓰,Q
217270,넵튠,Q
251270,넷마블,P
317860,노드메이슨,X
104620,노랑풍선,Q
090355,노루페인트우,P
090350,노루페인트,P
000325,노루홀딩스우,P
000320,노루홀딩스,P
473980,노머스,Q
194700,노바렉스,Q
285490,노바텍,Q
145170,노브랜드,Q
229500,노브메타파마,X
106520,노블엠앤비,Q
376930,노을,Q
486990,노타,Q
006280,녹십자,P
142280,녹십자엠에스,Q
234690,녹십자웰빙,Q
005257,녹십자홀딩스2우,P
005250,녹십자홀딩스,P
004370,농심,P
072710,농심홀딩스,P
154030,아시아종묘,Q
403490,우듬지팜,Q
069140,누리플랜,Q
040160,누리플렉스,Q
332290,누보,Q
348340,뉴로메카,Q
380550,뉴로핏,Q
060260,뉴보텍,Q
463020,뉴엔AI,Q
123840,뉴온,Q
012340,뉴인텍,Q
462310,뉴키즈온,Q
270870,뉴트리,Q
144960,뉴파워프라즈마,Q
085670,뉴프렉스,Q
064260,다날,Q
340360,다보링크,Q
039560,다산네트웍스,Q
208860,다산디엠씨,Q
154040,다산솔루에타,Q
058730,다스코,P
030210,다올투자증권,P
023590,다우기술,P
032190,다우데이타,Q
323350,다원넥스뷰,Q
068240,다원시스,Q
145210,다이나믹디자인,P
290660,다이나믹솔루션,Q
483650,달바글로벌,P
464580,닷밀,Q
019680,대교,P
019685,대교우B,P
006370,대구백화점,P
00806K,대덕1우,P
008060,대덕,P
353200,대덕전자,P
35320K,대덕전자1우,P
178600,대동고려삼,X
020400,대동금속,Q
008830,대동기어,Q
000490,대동,P
048470,대동스틸,Q
004780,대륙제관,Q
005750,대림바스,P
017650,대림제지,Q
006570,대림통상,P
389260,대명에너지,Q
317850,대모,Q
290670,대보마그네틱,Q
078140,대봉엘에스,Q
065150,대산F&B,Q
001685,대상우,P
001680,대상,P
084695,대상홀딩스우,P
084690,대상홀딩스,P
036480,대성미생물,Q
128820,대성산업,P
117580,대성에너지,P
027830,대성창투,Q
129920,대성하이텍,Q
016710,대성홀딩스,P
471050,대신밸런스제17호스팩,Q
482690,대신밸런스제19호스팩,Q
0030R0,대신밸류리츠,P
020180,대신정보통신,Q
003545,대신증권우,P
003547,대신증권2우B,P
003540,대신증권,P
045390,대아티아이,Q
009190,대양금속,P
108380,대양전기공업,Q
014160,대영포장,P
047040,대우건설,P
003090,대웅,P
069620,대웅제약,P
007680,대원,Q
000430,대원강업,P
048910,대원미디어,Q
005710,대원산업,Q
006345,대원전선우,P
006340,대원전선,P
003220,대원제약,P
024890,대원화성,P
120240,대정화금,Q
003310,대주산업,Q
114920,대주이엔티,X
078600,대주전자재료,Q
393970,대진첨단소재,Q
015230,대창단조,P
012800,대창,P
096350,대창솔루션,Q
140520,대창스틸,Q
131220,대한과학,Q
010170,대한광통신,Q
054670,대한뉴팜,Q
001070,대한방직,P
023910,대한약품,Q
006650,대한유화,P
001440,대한전선,P
084010,대한제강,P
001795,대한제당우,P
001790,대한제당,P
001130,대한제분,P
439260,대한조선,P
003495,대한항공우,P
003490,대한항공,P
005880,대한해운,P
003830,대한화섬,P
016090,대현,P
069460,대호에이엘,P
021040,대호특수강,Q
021045,대호특수강우,Q
067080,대화제약,Q
043090,더테크놀로지,Q
298540,더네이쳐홀딩스,Q
032860,더라미,Q
475560,더본코리아,P
192080,더블유게임즈,P
393890,더블유씨피,Q
299170,더블유에스아이,Q
089230,THE E&M,Q
012510,더존비즈온,P
462860,더즌,Q
224060,더코디,Q
302920,더콘텐츠온,X
013720,THE CUBE&,Q
403850,더핑크퐁컴퍼니,Q
213420,덕산네오룩스,Q
317330,덕산테코피아,Q
077360,덕산하이메탈,Q
004835,덕성우,P
004830,덕성,P
090410,덕신이피씨,Q
0001A0,덕양에너젠,Q
263600,덕우전자,Q
194480,데브시스터즈,Q
373160,데이원컴퍼니,Q
263800,데이타솔루션,Q
199150,데이터스트림즈,X
206560,덱스터,Q
261200,덴티스,Q
145720,덴티움,P
227420,도부,X
484120,도우인시스,Q
067990,도이치모터스,Q
002150,도화엔지니어링,P
006620,동구바이오제약,Q
005160,동국산업,Q
303810,동국생명과학,Q
460850,동국씨엠,P
075970,동국알앤에스,Q
100130,동국S&C,Q
460860,동국제강,P
086450,동국제약,Q
001230,동국홀딩스,P
240550,동방메디컬,Q
004140,동방,P
099410,동방선기,Q
007590,동방아그로,P
005965,동부건설우,P
005960,동부건설,P
026960,동서,P
002210,동성제약,P
102260,동성케미컬,P
033500,동성화인텍,Q
025950,동신건설,Q
000640,동아쏘시오홀딩스,P
170900,동아에스티,P
088130,동아엘텍,Q
028100,동아지질,P
001525,동양우,P
001527,동양2우B,P
084670,동양고속,P
001520,동양,P
082640,동양생명,P
060380,동양에스텍,Q
079960,동양이엔피,Q
228340,동양파일,Q
088910,동우팜투테이블,Q
094170,동운아나텍,Q
013120,동원개발,Q
018500,동원금속,P
006040,동원산업,P
030720,동원수산,P
014825,동원시스템즈우,P
014820,동원시스템즈,P
111380,동인기연,P
163560,동일고무벨트,P
109860,동일금속,Q
032960,동일기연,Q
004890,동일산업,P
023790,동일스틸럭스,Q
002690,동일제강,P
005290,동진쎄미켐,Q
025900,동화기업,Q
000020,동화약품,P
000155,두산우,P
000157,두산2우B,P
454910,두산로보틱스,P
241560,두산밥캣,P
000150,두산,P
034020,두산에너빌리티,P
131970,두산테스나,Q
33626K,두산퓨얼셀1우,P
33626L,두산퓨얼셀2우B,P
336260,두산퓨얼셀,P
016740,두올,P
073190,듀오백,Q
176750,듀켐바이오,Q
030350,드래곤플라이,Q
203650,드림시큐리티,Q
223250,드림씨아이에스,Q
060570,드림어스컴퍼니,Q
362990,드림인사이트,Q
192650,드림텍,P
016670,디모아,Q
187870,디바이스,Q
477760,DB금융스팩12호,Q
489730,디비금융제13호스팩,Q
0004Y0,디비금융제14호스팩,Q
024090,디씨엠,P
003160,디아이,P
092200,디아이씨,P
110990,디아이티,Q
004840,DRB동일,P
263690,디알젬,Q
214680,디알텍,Q
347850,디앤디파마텍,Q
377190,디앤디플랫폼리츠,P
263720,디앤씨미디어,Q
376300,디어유,Q
241520,DSC인베스트먼트,Q
104040,디에스엠,Q
109740,디에스케이,Q
031860,디에이치엑스컴퍼니,Q
000300,DH오토넥스,P
290120,DH오토리드,Q
025440,DH오토웨어,Q
196490,디에이테크놀로지,Q
066900,디에이피,Q
180400,DXVX,Q
092070,디엔에프,Q
007340,DN오토모티브,P
068790,DMS,Q
039840,디오,Q
024900,디와이덕양,P
219550,디와이디,Q
013570,디와이,P
310870,디와이씨,Q
002880,디와이에이,P
210540,디와이파워,P
092780,DYP,P
104460,디와이피엔에프,Q
113810,디젠스,Q
043360,디지아이,Q
099520,DGI,Q
197140,디지캡,Q
068930,디지털대성,Q
033130,디지틀조선,Q
105740,디케이락,Q
263020,디케이앤디,Q
015590,DKME,P
290550,디케이티,Q
066670,디티씨,Q
187220,디티앤씨,Q
383930,디티앤씨알오,Q
131180,딜리,Q
315640,딥노이드,Q
900110,딥커머스,Q
317120,라닉스,Q
462510,라메디텍,Q
232680,라온로보틱스,Q
042510,라온시큐어,Q
418420,라온텍,Q
300120,라온피플,Q
171120,라이온켐텍,Q
388790,라이콤,Q
214260,라파스,Q
403360,라피치,X
171010,램테크놀러지,Q
084650,랩지노믹스,Q
217500,러셀,Q
092590,럭스피아,X
266170,레드우즈,X
038390,레드캡투어,Q
294140,레몬,Q
443250,레뷰코퍼레이션,Q
228670,레이,Q
228850,레이언스,Q
412350,레이저쎌,Q
199550,레이저옵텍,Q
281740,레이크머티리얼즈,Q
277810,레인보우로보틱스,Q
215100,로보로보,Q
090360,로보스타,Q
108490,로보티즈,Q
900260,로스웰,Q
033290,로젠,Q
223220,로지스몬,X
067730,로지시스,Q
071280,로체시스템즈,Q
376900,로킷헬스케어,Q
214610,롤링스톤,Q
032350,롯데관광개발,P
089860,롯데렌탈,P
330590,롯데리츠,P
000400,롯데손해보험,P
023530,롯데쇼핑,P
020150,롯데에너지머티리얼즈,P
280360,롯데웰푸드,P
286940,롯데이노베이트,P
004000,롯데정밀화학,P
00499K,롯데지주우,P
004990,롯데지주,P
005305,롯데칠성우,P
005300,롯데칠성,P
011170,롯데케미칼,P
071840,롯데하이마트,P
328130,루닛,Q
038060,루멘스,Q
474170,루미르,Q
162120,루켄테크놀러지스,X
253610,루트락,X
141080,리가켐바이오,Q
058470,리노공업,Q
016100,리더스코스메틱,Q
012700,리드코프,Q
302550,리메드,Q
491000,리브스메드,Q
394420,리센스메디컬,Q
073570,리튬포어스,Q
377450,리파인,Q
277070,린드먼아시아,Q
042500,링네트,Q
193250,링크드,Q
474650,링크솔루션,Q
219420,링크제니시스,Q
439090,마녀공장,Q
027740,마니커,P
195500,마니커에프앤지,Q
357430,마스턴프리미어리츠,P
377480,마음AI,Q
305090,마이크로디지탈,Q
448780,마이크로엔엑스,X
424980,마이크로투나노,Q
169330,엠브레인,Q
038290,마크로젠,Q
477850,마키나락스,Q
001080,만호제강,P
267980,매일유업,Q
005990,매일홀딩스,Q
093520,매커스,Q
088980,맥쿼리인프라,P
179720,머니무브,X
100590,머큐리,Q
067280,멀티캠퍼스,Q
072870,메가스터디,Q
215200,메가스터디교육,Q
133750,메가엠디,Q
446540,메가터치,Q
235980,메드팩토,Q
200580,메디쎄이,X
041920,메디아나,Q
233250,메디안디노스틱,X
014100,메디앙스,Q
236340,메디젠휴먼케어,X
054180,메디콕스,Q
086900,메디톡스,Q
078160,메디포스트,Q
138040,메리츠금융지주,P
0088D0,메리츠제1호스팩,Q
408920,메쎄이상,Q
021880,메이슨캐피탈,Q
0088M0,메쥬,Q
140410,메지온,Q
241770,메카로,Q
090370,메타랩스,P
059210,메타바이오메드,Q
118000,메타케어,P
058110,멕아이씨에스,Q
072770,멤레이비티,Q
017180,명문제약,P
009900,명신산업,P
317450,명인제약,P
012690,모나리자,P
005360,모나미,P
070960,모나용평,P
434480,모니터랩,Q
080420,모다이노칩,Q
417970,모델솔루션,Q
080160,모두투어,Q
087260,모바일어플라이언스,Q
101330,모베이스,Q
012860,모베이스전자,Q
363260,모비데이즈,Q
348030,모비릭스,Q
250060,모비스,Q
288980,모아데이타,Q
142760,모아라이프플러스,Q
033200,모아텍,Q
009680,모토닉,P
118990,모트렉스,Q
463480,모티브링크,Q
006920,모헨즈,Q
001810,무림SP,Q
009200,무림페이퍼,P
009580,무림P&P,P
322970,무진메디,X
033920,무학,P
008420,문배철강,P
279600,미디어젠,Q
095500,미래나노텍,Q
254490,미래반도체,Q
025560,미래산업,P
218150,미래생명자원,Q
007120,미래아이앤지,P
396690,미래에셋글로벌리츠,P
094800,맵스리얼티,P
357250,미래에셋맵스리츠,P
100790,미래에셋벤처투자,Q
0097F0,미래에셋비전스팩10호,Q
0099W0,미래에셋비전스팩11호,Q
477380,미래에셋비전스팩4호,Q
477470,미래에셋비전스팩5호,Q
478440,미래에셋비전스팩6호,Q
482680,미래에셋비전스팩7호,Q
0093G0,미래에셋비전스팩8호,Q
0096D0,미래에셋비전스팩9호,Q
085620,미래에셋생명,P
006805,미래에셋증권우,P
00680K,미래에셋증권2우B,P
006800,미래에셋증권,P
208890,미래엔에듀파트너,X
049950,미래컴퍼니,Q
207760,미스터블루,Q
081660,미스토홀딩스,P
002840,미원상사,P
268280,미원에스씨,P
107590,미원홀딩스,P
134380,미원화학,P
351020,미쥬,X
003650,미창석유,P
059090,미코,Q
201490,미투온,Q
475460,미트박스,Q
452200,민테크,Q
206640,바디텍메드,Q
035620,바른손이앤에이,Q
354390,바스칸바이오제약,X
053030,바이넥스,Q
301300,바이브컴퍼니,Q
377740,바이오노트,P
064550,바이오니아,Q
314930,바이오다인,Q
489460,바이오비쥬,Q
086820,바이오솔루션,Q
038460,바이오스마트,Q
251120,바이오에프디엔씨,Q
199730,바이오인프라,Q
266470,바이오인프라생명과학,X
289170,바이오텐,X
086040,바이오톡스텍,Q
188040,바이오포트,Q
199290,바이오프로테크,X
099430,바이오플러스,Q
032980,바이온,Q
308080,바이젠셀,Q
043150,바텍,Q
323990,박셀바이오,Q
003610,방림,P
267790,배럴,Q
046310,백금T&A,Q
035150,백산,P
331520,밸로프,Q
199480,뱅크웨어글로벌,Q
438700,버넥트,Q
066410,버킷스튜디오,Q
002410,범양건영,P
382900,범한퓨얼셀,Q
206400,베노티앤알,Q
019010,베뉴지,Q
177350,베셀,Q
457600,벡트,Q
424760,벨로크,Q
007210,벽산,P
250000,보라티알,Q
002760,보락,P
003850,보령,P
310210,보로노이,Q
006910,보성파워텍,Q
0010F0,보원케미칼,Q
000890,보해양조,P
226340,본느,Q
496320,본시스템즈,X
206950,볼빅,X
008470,부스타,Q
003000,부광약품,P
001275,부국증권우,P
001270,부국증권,P
026940,부국철강,P
014470,부방,Q
011390,부산산업,P
005030,부산주공,P
338220,뷰노,Q
100120,뷰웍스,Q
406820,뷰티스킨,Q
099390,브레인즈컴퍼니,Q
064480,브리지텍,Q
365900,브이씨,Q
089970,브이엠,Q
251630,브이원텍,Q
018290,브이티,Q
478560,블랙야크아이앤씨,Q
006740,블루산업개발,P
439580,블루엠텍,Q
033560,블루콤,Q
191600,블루탑,X
369370,블리츠웨이엔터테인먼트,Q
126340,비나텍,Q
121800,비덴트,Q
082800,비보존 제약,Q
318410,비비씨,Q
002070,비비안,P
100220,비상교육,P
419540,비스토스,Q
146320,비씨엔씨,Q
200780,비씨월드제약,Q
413640,비아이매트릭스,Q
141000,비아트론,Q
090460,비에이치,P
083650,비에이치아이,Q
0068Y0,비엔케이제3호스팩,Q
065170,비엘팜텍,Q
086670,비엠티,Q
230980,비유테크놀러지,Q
126600,BGF에코머티리얼즈,Q
488900,비츠로넥스텍,Q
082920,비츠로셀,Q
054220,비츠로시스,Q
042370,비츠로테크,Q
050090,비케이홀딩스,Q
148780,비큐AI,Q
307870,비투엔,Q
377030,비트맥스,Q
032850,비트컴퓨터,Q
049470,비트플래닛,Q
238200,비피도,Q
093190,빅솔론,Q
065450,빅텍,Q
044480,빌리언스,Q
005180,빙그레,P
069540,빛과전자,Q
072950,빛샘전자,Q
451250,삐아,Q
143240,사람인,Q
466410,사이냅소프트,Q
003960,사조대림,P
008040,사조동아원,P
007160,사조산업,P
014710,사조씨푸드,P
006090,사조오양,P
223310,사토시홀딩스,Q
452430,사피엔반도체,Q
419120,산돌,Q
062040,산일전기,P
122350,삼기,Q
419050,삼기에너지솔루션즈,Q
014970,삼륭물산,Q
005610,삼립,P
018310,삼목에스폼,Q
012210,삼미금속,Q
053700,삼보모터스,Q
009620,삼보산업,Q
023600,삼보판지,Q
001470,삼부토건,P
028050,삼성E&A,P
448730,삼성FN리츠,P
006405,삼성SDI우,P
006400,삼성SDI,P
006660,삼성공조,P
0044K0,삼성스팩10호,Q
0071M0,삼성스팩11호,Q
0096B0,삼성스팩12호,Q
0115H0,삼성스팩13호,Q
02826K,삼성물산우B,P
028260,삼성물산,P
207940,삼성바이오로직스,P
032830,삼성생명,P
018260,삼성에스디에스,P
0126Z0,삼성에피스홀딩스,P
009155,삼성전기우,P
009150,삼성전기,P
005935,삼성전자우,P
005930,삼성전자,P
001360,삼성제약,P
010140,삼성중공업,P
016360,삼성증권,P
068290,삼성출판사,P
029780,삼성카드,P
000815,삼성화재우,P
000810,삼성화재,P
006110,삼아알미늄,P
009300,삼아제약,Q
0120G0,삼양바이오팜,P
145995,삼양사우,P
145990,삼양사,P
003230,삼양식품,P
482630,삼양엔씨켐,Q
484590,삼양컴텍,Q
036670,삼양케이씨아이,Q
272550,삼양패키징,P
000070,삼양홀딩스,P
060310,3S,Q
002810,삼영무역,P
003720,삼영,P
361670,삼영에스앤씨,Q
054540,삼영엠텍,Q
065570,삼영이엔씨,Q
005680,삼영전자,P
023000,삼원강재,P
004380,삼익THK,P
002450,삼익악기,P
014950,삼익제약,Q
032280,삼일,Q
002290,삼일기업공사,Q
004440,삼일씨엔에스,P
000520,삼일제약,P
009770,삼정펄프,P
037460,삼지전자,Q
032750,삼진,Q
0013V0,삼진식품,Q
054090,삼진엘앤디,Q
005500,삼진제약,P
000250,삼천당제약,Q
004690,삼천리,P
024950,삼천리자전거,Q
038500,삼표시멘트,Q
437730,삼현,Q
017480,삼현철강,Q
010960,삼호개발,P
046390,삼화네트웍스,Q
004450,삼화왕관,P
009470,삼화전기,P
011230,삼화전자,P
001820,삼화콘덴서,P
027580,상보,Q
038540,상상인,Q
001290,상상인증권,P
041650,상신브레이크,P
091580,상신이디피,Q
263810,상신전자,Q
089980,상아프론테크,Q
042940,상지건설,Q
042600,새로닉스,Q
075180,새론오토모티브,P
107600,새빗켐,Q
411080,샌즈랩,Q
252990,샘씨엔에스,Q
007540,샘표,P
248170,샘표식품,P
378800,샤페론,Q
294630,서남,Q
038070,서린바이오,Q
006730,서부T&D,Q
079650,서산,Q
100660,서암기계공업,Q
007860,서연,P
200880,서연이화,P
019770,서연탑메탈,Q
017390,서울가스,P
092190,서울바이오시스,Q
046890,서울반도체,Q
031210,서울보증보험,P
004415,서울식품우,P
004410,서울식품,P
063170,서울옥션,Q
027040,서울전자통신,Q
018680,서울제약,Q
036120,서울평가정보,Q
021050,서원,P
093920,서원인텍,Q
189860,서전기전,Q
178320,서진시스템,Q
122690,서진오토모티브,Q
140070,서플러스글로벌,Q
011370,서한,Q
065710,서호전기,Q
008490,서흥,P
035890,서희건설,Q
357550,석경에이티,Q
003100,선광,Q
007610,선도전기,P
067370,선바이오,Q
002820,SUN&L,P
171090,선익시스템,Q
136490,선진,P
086710,선진뷰티사이언스,Q
014620,성광벤드,Q
037350,성도이엔지,Q
014915,성문전자우,P
014910,성문전자,P
004985,성신양회우,P
004980,성신양회,P
458650,성우,Q
081580,성우전자,Q
045300,성우테크론,Q
015750,성우하이텍,Q
365340,성일하이텍,Q
000180,성창기업지주,P
080470,성창오토텍,Q
043260,성호전자,Q
148150,세경하이테크,Q
002420,세기상사,P
061090,세나테크놀로지,Q
188260,세니젠,Q
053060,세동,Q
340440,세림B&G,Q
017510,세명전기,Q
490470,세미파이브,Q
004365,세방우,P
004360,세방,P
004490,세방전지,P
011560,세보엠이씨,Q
267080,세븐브로이맥주,X
396300,세아메카닉스,Q
001430,세아베스틸지주,P
306200,세아제강,P
003030,세아제강지주,P
058650,세아홀딩스,P
013000,세우글로벌,P
100700,세운메디칼,Q
024830,세원물산,Q
021820,세원정공,P
067830,세이브존I&C,P
258830,세종메디칼,Q
036630,세종텔레콤,Q
039310,세중,Q
075580,세진중공업,P
067770,세진티에스,Q
053450,세코닉스,Q
252500,세화피앤씨,Q
321370,센서뷰,Q
347000,센코,Q
331920,셀레믹스,Q
352770,셀레스트라,Q
471820,셀로맥스사이언스,Q
049180,셀루메드,Q
299660,셀리드,Q
108860,셀바스AI,Q
208370,셀바스헬스케어,Q
318160,셀바이오휴먼텍,Q
308430,셀비온,Q
068270,셀트리온,P
068760,셀트리온제약,Q
068940,셀피글로벌,Q
007720,소노스퀘어,Q
290690,소룩스,Q
950200,소마젠,Q
032680,소프트센,Q
032685,소프트센우,Q
258790,소프트캠프,Q
066910,손오공,Q
215090,솔디펜스,Q
238500,솔루믹스,X
33637K,솔루스첨단소재1우,P
33637L,솔루스첨단소재2우B,P
336370,솔루스첨단소재,P
248070,솔루엠,P
035610,솔본,Q
357780,솔브레인,Q
036830,솔브레인홀딩스,Q
304100,솔트룩스,Q
328380,솔트웨어,Q
004430,송원산업,P
086980,쇼박스,Q
017550,수산세보틱스,P
050960,수산아이앤티,Q
126720,수산인더스트리,P
084180,수성웹툰,Q
253840,수젠텍,Q
067160,SOOP,Q
298830,슈어소프트테크,Q
236200,슈프리마,Q
094840,슈프리마에이치큐,Q
192440,슈피겐코리아,Q
424960,스마트레이더시스템,Q
099440,스맥,Q
066590,스모트로닉,Q
357880,SKAI,Q
276040,스코넥,Q
060240,스타코링크,Q
115570,스타플렉스,Q
330730,스톤브릿지벤처스,Q
352090,스톰테크,Q
253450,스튜디오드래곤,Q
408900,스튜디오미르,Q
415380,스튜디오삼익,Q
026890,스틱인베스트먼트,P
013810,스페코,Q
347700,스피어,Q
049830,승일,Q
020710,시공테크,Q
033170,시그네틱스,Q
048870,시너지이노베이션,Q
025320,시노펙스,Q
134790,시디즈,P
340810,시선AI,Q
269620,시스웍,Q
000480,CR홀딩스,P
056090,시지메드텍,Q
429270,시지트로닉스,Q
418250,시큐레터,Q
131090,시큐브,Q
462870,시프트업,P
016590,신대양제지,P
290520,신도기연,Q
029530,신도리코,P
004970,신라교역,P
001000,신라섬유,Q
025870,신라에스지,Q
215600,신라젠,Q
065350,신성델타테크,Q
416180,신성에스티,Q
011930,신성이엔지,P
004170,신세계,P
035510,신세계 I&C,P
031430,신세계인터내셔날,P
031440,신세계푸드,P
006880,신송홀딩스,P
162300,신스틸,Q
002800,신신제약,Q
005800,신영와코루,P
001720,신영증권,P
472220,신영스팩10호,Q
0091W0,신영스팩11호,Q
009270,신원,P
017000,신원종합개발,Q
002700,신일전자,P
012790,신일제약,Q
138070,신진에스엠,Q
226330,신테카바이오,Q
002870,신풍,P
019175,신풍제약우,P
019170,신풍제약,P
481850,신한글로벌액티브리츠,P
055550,신한지주,P
404990,신한서부티엔디리츠,P
293940,신한알파리츠,P
474660,신한제12호스팩,Q
474930,신한제13호스팩,Q
487360,신한제14호스팩,Q
487830,신한제15호스팩,Q
496070,신한제16호스팩,Q
0130D0,신한제17호스팩,Q
0129K0,신한제18호스팩,Q
056700,신화인터텍,Q
187270,신화콘텍,Q
095190,신화프리텍,Q
004080,신흥,P
243840,신흥에스이씨,Q
257720,실리콘투,Q
222800,심텍,Q
036710,심텍홀딩스,Q
444530,심플랫폼,Q
234030,싸이닉솔루션,Q
160980,싸이맥스,Q
356890,싸이버원,Q
217330,싸이토젠,Q
004770,써니전자,P
217320,썬테크,X
208640,썸에이지,Q
222420,쎄노텍,Q
037760,쎄니트,Q
081180,쎄크,Q
099320,쎄트렉아이,Q
049960,쎌바이오텍,Q
088280,쏘닉스,Q
403550,쏘카,P
050890,쏠리드,Q
394800,쓰리빌리언,Q
177900,쓰리에이로직스,Q
475400,씨메스로보틱스,Q
109670,씨싸이트,Q
066790,씨씨에스,Q
222080,씨아이에스,Q
004920,씨아이테크,P
236030,씨알푸드,X
103660,씨앗,X
352480,씨앤씨인터내셔널,Q
245450,씨앤에스링크,X
264660,씨앤지하이테크,Q
352700,씨앤투스,Q
056730,CNT85,Q
458870,씨어스,Q
065770,CS,Q
297090,씨에스베어링,Q
083660,CSA 코스믹,Q
112610,씨에스윈드,P
900120,씨엑스아이,Q
359090,씨엔알리서치,Q
115530,씨엔플러스,Q
388210,씨엠티엑스,Q
115480,씨유메디칼,Q
376290,씨유테크,Q
189330,씨이랩,Q
000120,CJ대한통운,P
311690,CJ 바이오사이언스,Q
079160,CJ CGV,P
035760,CJ ENM,Q
097955,CJ제일제당 우,P
097950,CJ제일제당,P
051500,CJ프레시웨이,Q
096530,씨젠,Q
083790,CG인바이츠,Q
480370,씨케이솔루션,P
101240,씨큐브,Q
060590,씨티씨바이오,Q
308170,씨티알모빌리티,P
260930,씨티케이,Q
413630,씨피시스템,Q
013990,아가방컴퍼니,Q
123860,아나패스,Q
025980,아난티,Q
008700,아남전자,P
0015N0,아로마티카,Q
261780,아리바이오랩,Q
125210,아모그린텍,Q
090435,아모레퍼시픽우,P
090430,아모레퍼시픽,P
002795,아모레퍼시픽홀딩스우,P
00279K,아모레퍼시픽홀딩스3우C,P
002790,아모레퍼시픽홀딩스,P
052710,아모텍,Q
074430,아미노로직스,Q
092040,아미코젠,Q
083930,아바코,Q
149950,아바텍,Q
036010,아비코전자,Q
002030,아세아,P
183190,아세아시멘트,P
002310,아세아제지,P
050860,아세아텍,Q
012170,아센디오,P
136410,아셈스,Q
246720,아스타,Q
450950,아스테라시스,Q
067390,아스트,Q
159010,아스플로,Q
127710,아시아경제,Q
267850,아시아나IDT,P
020560,아시아나항공,P
227610,아우딘퓨쳐스,Q
331740,아우토크립트,Q
143160,아이디스,Q
054800,아이디스홀딩스,Q
332370,아이디피,Q
066430,아이로보틱스,Q
122900,아이마켓코리아,P
339950,아이비김영,Q
469750,아이비젼웍스,Q
467930,IBKS제23호스팩,Q
469480,IBKS제24호스팩,Q
0099X0,IBKS제25호스팩,Q
460470,아이빔테크놀로지,Q
099190,아이센스,Q
461300,아이스크림미디어,Q
289010,아이스크림에듀,Q
214430,아이쓰리시스템,Q
040910,아이씨디,Q
368600,아이씨에이치,Q
456010,아이씨티케이,Q
052860,아이앤씨,Q
464500,아이언디바이스,Q
010780,아이에스동서,P
095340,ISC,Q
212710,아이에스티이,Q
038880,아이에이,Q
307180,아이엘,Q
403810,아이엘로보틱스,X
101390,아이엠,Q
139130,iM금융지주,P
493280,아이엠바이오로직스,Q
461030,아이엠비디엑스,Q
052220,iMBC,Q
456570,아이엠지티,X
451220,아이엠티,Q
447690,아이오바이오,X
078860,아이오케이이엔엠,Q
090150,아이윈,Q
031310,아이즈비전,Q
462980,아이지넷,Q
185490,아이진,Q
059100,아이컴포넌트,Q
149010,아이케이세미콘,X
262840,아이퀘스트,Q
175250,아이큐어,Q
052460,아이크래프트,Q
119830,아이텍,Q
052770,아이톡시,Q
124500,아이티센글로벌,Q
031820,아이티센씨티에스,P
010280,아이티센엔텍,Q
243870,아이티센코어,X
232830,아이티센피엔에스,Q
372800,아이티아이즈,Q
084850,아이티엠반도체,Q
309710,아이티켐,Q
294870,IPARK현대산업개발,P
114840,아이패밀리에스씨,Q
139990,아주스틸,P
027360,아주IB투자,Q
032080,아즈텍WB,Q
013310,아진산업,Q
059120,아진엑스텍,Q
009320,아진전자부품,P
0007C0,아크릴,Q
203690,아크솔루션스,Q
158430,아톤,Q
200350,아티스트스튜디오,Q
321820,아티스트컴퍼니,Q
102950,아하,X
001540,안국약품,Q
053800,안랩,Q
251280,안지오랩,X
065660,안트로젠,Q
297570,알로이스,Q
001780,알루코,P
260660,알리코제약,Q
354320,알멕,Q
361570,알비더블유,Q
131370,알서포트,Q
140670,알에스오토메이션,Q
327260,RF머트리얼즈,Q
096610,알에프세미,Q
474610,RF시스템즈,Q
218410,RFHIC,Q
061040,알에프텍,Q
148250,알엔투테크놀로지,Q
123010,알엔티엑스,Q
476830,알지노믹스,Q
347860,알체라,Q
196170,알테오젠,Q
123750,알톤,Q
459550,알트,Q
085810,알티캐스트,Q
043100,알파AI,Q
117670,알파칩스,Q
314140,알피바이오,Q
291650,압타머사이언스,Q
293780,압타바이오,Q
018250,애경산업,P
161000,애경케미칼,P
390110,애니메디솔루션,X
310200,애니플러스,Q
179530,애드바이오텍,Q
397810,애드포러스,Q
0011A0,액스비스,Q
052790,액토즈소프트,Q
290740,액트로,Q
238090,앤디포스,Q
138360,앤로보틱스,Q
092600,앤씨앤,Q
129890,앱코,Q
174900,앱클론,Q
109960,앱토크롬,Q
270520,앱튼,Q
255440,야스,Q
030960,양지사,Q
102120,어보브반도체,Q
238120,얼라인드,Q
224810,엄지하우스,X
019990,에너토크,Q
011090,에넥스,P
435570,에르코스,Q
270660,에브리봇,Q
038680,에스넷,Q
137310,에스디바이오센서,P
217480,에스디생명공학,Q
121890,에스디시스템,Q
099220,SDN,Q
304360,에스바이오메딕스,Q
289080,SV인베스트먼트,Q
389500,에스비비테크,Q
003080,SB성보,P
019550,SBI인베스트먼트,Q
034120,SBS,P
042110,에스씨디,Q
246960,SCL사이언스,Q
065420,에스아이리소스,Q
270210,에스알바이오텍,X
103230,에스앤더블류,Q
260970,에스앤디,Q
101490,에스앤에스텍,Q
095910,에스에너지,Q
275630,에스에스알,Q
419530,SAMG엔터,Q
031330,에스에이엠티,Q
060540,에스에이티,Q
056190,에스에프에이,Q
036540,SFA반도체,Q
0008Z0,에스엔시스,Q
091340,S&K폴리텍,Q
005850,에스엘,P
246250,에스엘에스바이오,Q
063440,SM Life Design,Q
010580,에스엠벡셀,P
460870,에스엠씨지,Q
041510,에스엠,Q
048550,SM C&C,Q
464080,에스오에스랩,Q
109610,에스와이,Q
365330,에스와이스틸텍,Q
002170,SYTS,P
012750,에스원,P
306040,에스제이그룹,Q
033530,SJG세종,P
217910,에스제이켐,X
004060,SG세계물산,P
016250,SGC E&C,Q
184230,SGA솔루션즈,Q
040610,SG&G,Q
255220,SG,Q
398120,에스지헬스케어,Q
006125,SK디스커버리우,P
006120,SK디스커버리,P
302440,SK바이오사이언스,P
326030,SK바이오팜,P
475150,SK이터닉스,P
472230,에스케이증권제11호스팩,Q
473000,에스케이증권제12호스팩,Q
473950,에스케이증권제13호스팩,Q
000660,SK하이닉스,P
475660,에스켐,Q
096630,에스코넥,Q
0070X0,에스테크엠,X
069510,에스텍,Q
488280,에스투더블유,Q
234300,에스트래픽,Q
039440,에스티아이,Q
098660,에스티오,Q
052020,에스티큐브,Q
237690,에스티팜,Q
458350,에스팀,Q
050760,에스폴리텍,Q
288620,에스프리즘,Q
000390,SP삼화,P
443670,에스피소프트,Q
317830,에스피시스템스,Q
058610,에스피지,Q
043340,에쎈테크,Q
023960,에쓰씨엔지니어링,P
163280,에어레인,Q
298690,에어부산,P
200710,에이디테크놀로지,Q
475580,에이럭스,Q
096690,에이루트,Q
078520,에이블씨엔씨,P
298380,에이비엘바이오,Q
203400,에이비온,Q
195990,에이비프로바이오,Q
003800,에이스침대,Q
088800,에이스테크,Q
241840,에이스토리,Q
364950,에이아이코리아,Q
453860,에이에스텍,Q
312610,에이에프더블류,Q
015260,에이엔피,P
172670,에이엘티,Q
234070,에이원큐브텍,X
481070,에이유브랜즈,Q
140910,에이리츠,P
060900,에이전트AI,Q
445090,에이직랜드,Q
267270,HD건설기계,P
039570,HDC랩스,P
089470,HDC현대EP,P
009540,HD한국조선해양,P
443060,HD현대마린솔루션,P
071970,HD현대마린엔진,P
267250,HD현대,P
322000,HD현대에너지솔루션,P
267260,HD현대일렉트릭,P
329180,HD현대중공업,P
295310,에이치브이엠,Q
297890,HB솔루션,Q
440290,HB인베스트먼트,Q
078150,HB테크놀러지,Q
072990,에이치시티,Q
225530,HC보광산업,Q
060560,HC홈센타,Q
036640,HRS,Q
002460,HS화성,P
487570,HS효성,P
298050,HS효성첨단소재,P
044990,에이치엔에스하이텍,Q
028300,HLB,Q
003580,HLB글로벌,P
278650,HLB바이오스텝,Q
067630,HLB생명과학,Q
187420,HLB제넥스,Q
047920,HLB제약,Q
115450,HLB테라퓨틱스,Q
046210,HLB파나진,Q
196300,HLB펩,Q
239610,에이치엘사이언스,Q
036170,에이치엠넥스,Q
477340,에이치엠씨제7호스팩,Q
011200,HMM,P
148930,에이치와이티씨,Q
376270,HEM파마,Q
044780,에이치케이,Q
195940,HK이노엔,Q
403870,HPSP,Q
357230,에이치피오,Q
355690,에이텀,Q
071670,에이테크솔루션,Q
045660,에이텍,Q
224110,에이텍모빌리티,Q
021080,에이티넘인베스트,Q
200470,에이팩트,Q
207490,에이펙스인텍,X
262260,에이프로,Q
003060,에이프로젠바이오로직스,P
007460,에이프로젠,P
397030,에이프릴바이오,Q
244920,에이플러스에셋,P
265520,AP시스템,Q
278470,에이피알,P
054620,APS,Q
211270,AP위성,Q
0009K0,에임드바이오,Q
230240,에치에프알,Q
159910,에코글로우,Q
230360,에코마케팅,Q
097780,에코볼트,Q
038870,에코심플렉스,Q
448280,에코아이,Q
101360,에코앤드림,Q
128540,에코캡,Q
086520,에코프로,Q
450080,에코프로머티,P
247540,에코프로비엠,Q
383310,에코프로에이치엔,Q
038110,에코플라스틱,Q
073540,에프알텍,Q
064850,에프앤가이드,Q
214270,FSN,Q
036810,에프에스티,Q
173940,에프엔씨엔터,Q
083500,에프엔에스테크,Q
446440,에피바이오텍,X
317530,에피소드컴퍼니,Q
054940,엑사이엔씨,Q
950130,엑세스바이오,Q
373110,엑셀세라퓨틱스,Q
205100,엑셈,Q
356680,엑스게이트,Q
070300,엑스큐어,Q
317770,엑스페릭스,Q
373200,엑스플러스,Q
069920,엑시온그룹,Q
092870,엑시콘,Q
019490,엑시큐어하이트론,P
059180,엔더블유시,X
317870,엔바이오니아,Q
067570,엔브이에이치코리아,Q
0004V0,엔비알모션,Q
236810,엔비티,Q
140610,엔솔바이오사이언스,X
333620,엔시스,Q
101400,엔시트론,Q
036570,NC,P
475230,엔알비,Q
224760,엔에스컴퍼니,X
451700,엔에이치스팩29호,Q
481890,엔에이치스팩31호,Q
0054V0,엔에이치스팩32호,Q
0130H0,엔에이치스팩33호,Q
104200,NHN벅스,Q
060250,NHN KCP,Q
400760,NH올원리츠,P
005945,NH투자증권우,P
005940,NH투자증권,P
265740,엔에프씨,Q
053290,NE능률,Q
354200,엔젠바이오,Q
455900,엔젤로보틱스,Q
419080,엔젯,Q
093510,엔지브이아이,X
183490,엔지켐생명과학,Q
085310,엔케이,P
182400,엔케이젠바이오텍코리아,Q
348370,엔켐,Q
069410,엔텔스,Q
227950,엔투텍,Q
291230,엔피,Q
222160,NPX,Q
048830,엔피케이,Q
096870,엘디티,Q
276240,엘리비젼,X
900140,엘브이엠씨홀딩스,P
061970,LB세미콘,Q
309960,LB인베스트먼트,Q
290650,엘앤씨바이오,Q
066970,엘앤에프,P
156100,엘앤케이바이오,Q
0041J0,엘에스스팩1호,Q
060370,LS마린솔루션,Q
417200,LS머트리얼즈,Q
078020,LS증권,Q
322180,LS티라유텍,Q
311060,엘에이티,X
108675,LX하우시스우,P
108670,LX하우시스,P
38380K,LX홀딩스1우,P
383800,LX홀딩스,P
073110,엘엠에스,Q
083310,엘오티베큠,Q
064400,LG씨엔에스,P
037560,LG헬로비전,P
037950,엘컴텍,Q
225190,LK삼양,Q
489500,엘케이켐,Q
170920,엘티씨,Q
476080,M83,Q
058630,엠게임,Q
226590,엠디바이스,Q
058970,엠로,Q
097520,엠씨넥스,P
373170,엠아이큐브솔루션,Q
179290,엠아이텍,Q
484870,엠앤씨솔루션,P
009780,엠에스씨,Q
123040,엠에스오토텍,Q
432980,엠에프씨,Q
007820,엠엑스로보틱스,Q
347890,엠엑스온,Q
413390,엠오티,Q
032790,엠젠솔루션,Q
033160,엠케이전자,Q
033310,엠투엔,Q
259630,엠플러스,Q
105550,엣지파운드리,Q
060850,영림원소프트랩,Q
014440,영보화학,P
143540,영우디에스피,Q
111770,영원무역,P
009970,영원무역홀딩스,P
003520,영진약품,P
000670,영풍,P
012280,영화금속,P
265560,영화테크,Q
012160,영흥,P
036000,예림당,Q
250930,예선테크,Q
053280,예스24,Q
122640,예스티,Q
476040,오가노이드사이언스,Q
900300,오가닉티코스메틱,Q
212310,오건에코텍,X
045060,오공,Q
192410,오늘이엔엠,Q
080520,오디텍,Q
007310,오뚜기,P
039830,오로라,Q
322310,오로스테크놀로지,Q
046120,오르비텍,Q
475830,오름테라퓨틱,Q
014940,오리엔탈정공,Q
002630,오리엔트바이오,P
065500,오리엔트정공,Q
271560,오리온,P
001800,오리온홀딩스,P
010470,오리콤,Q
417860,오브젠,Q
352910,오비고,Q
053980,오상자이엘,Q
036220,오상헬스케어,Q
052420,오성첨단소재,Q
332190,오션스바이오,X
052300,오션인더블유,Q
039200,오스코텍,Q
031510,오스템,Q
010060,OCI홀딩스,P
342870,오아,Q
368970,오에스피,Q
138080,오이솔루션,Q
080580,오킨스전자,Q
067170,오텍,Q
353590,오토앤,Q
173130,오파스넷,Q
049480,오픈베이스,Q
394280,오픈엣지테크놀로지,Q
476060,온코닉테라퓨틱스,Q
382150,온코크로스,Q
005320,온타이드,P
244460,올리패스,Q
226950,올릭스,Q
057540,옴니시스템,Q
131030,옵투스제약,Q
082210,옵트론텍,Q
109080,옵티시스,Q
380540,옵티코어,Q
153710,옵티팜,Q
051390,YW,Q
432430,와이랩,Q
338840,와이바이오로직스,Q
057030,YBM넷,Q
122990,와이솔,Q
232140,와이씨,Q
112290,와이씨켐,Q
065530,와이어블,Q
067900,와이엔텍,Q
007530,와이엠,Q
155650,와이엠씨,Q
273640,와이엠텍,Q
251370,와이엠티,Q
209640,와이제이링크,Q
096250,와이즈넛,Q
273060,와이즈버즈,Q
019210,와이지-원,Q
122870,와이지엔터테인먼트,Q
037270,YG PLUS,P
011690,와이투솔루션,P
040300,YTN,Q
079000,와토스코리아,Q
316140,우리금융지주,P
032820,우리기술,Q
041190,우리기술투자,Q
115440,우리넷,Q
046970,우리로,Q
082850,우리바이오,Q
215360,우리산업,Q
072470,우리산업홀딩스,Q
073560,우리손에프앤지,Q
037400,우리엔터프라이즈,Q
153490,우리이앤엘하루틴,Q
101170,우림피티에스,Q
011300,우성머티리얼스,P
006980,우성,P
017370,우신시스템,P
103840,우양,Q
101970,우양에이치씨,Q
046940,우원개발,Q
215380,우정바이오,Q
065680,우주일렉트로,Q
105840,우진,P
018620,우진비앤지,Q
010400,우진아이엔에스,P
457550,우진엔텍,Q
049800,우진플라임,P
016880,웅진,P
095720,웅진씽크빅,P
396470,워트,Q
005820,원림,P
307280,원바이오젠,Q
032940,원익,Q
104830,원익머트리얼즈,Q
240810,원익IPS,Q
014190,원익큐브,Q
074600,원익QnC,Q
217820,원익피앤이,Q
030530,원익홀딩스,Q
012620,원일특강,Q
136150,원일티엔아이,Q
382840,원준,Q
336570,원텍,Q
376980,원티드랩,Q
122830,원포유,X
008370,원풍,Q
008290,원풍물산,Q
101160,월덱스,Q
336060,웨이버스,Q
095270,웨이브일렉트로,Q
289930,웨이비스,Q
065950,웰크론,Q
076080,웰크론한텍,Q
043590,웰킵스하이텍,Q
196700,웹스,Q
069080,웹젠,Q
053580,웹케시,Q
479960,위너스일렉,Q
044340,위닉스,Q
330350,위더스제약,Q
348350,위드텍,Q
112040,위메이드,Q
101730,위메이드맥스,Q
123420,위메이드플레이,Q
065370,위세아이텍,Q
140660,위월드,X
038620,위즈코프,Q
299900,위지윅스튜디오,Q
036090,위지트,Q
459100,위츠,Q
136540,윈스테크넷,Q
097800,윈팩,Q
192390,윈하이텍,Q
008600,윌비스,P
335870,윙스풋,Q
900340,윙입푸드,Q
014830,유니드,P
446070,유니드비티플러스,P
036200,유니셈,Q
018000,유니슨,Q
047400,유니온머티리얼,P
203450,유니온바이오메트릭스,Q
000910,유니온,P
011330,유니켐,P
077500,유니퀘스트,P
011320,유니크,Q
086390,유니테스트,Q
241690,유니테크노,Q
142210,유니트론텍,Q
121060,유니포인트,X
389680,유디엠텍,Q
088340,유라클,Q
048430,유라테크,Q
206650,유바이오로직스,Q
089850,유비벨록스,Q
495810,유비씨,X
084440,유비온,Q
264450,유비쿼스,Q
078070,유비쿼스홀딩스,Q
002920,유성기업,P
024800,유성티엔에스,Q
000700,유수홀딩스,P
054930,유신,Q
069330,유아이디,Q
049520,유아이엘,Q
473050,유안타제15호스팩,Q
474490,유안타제16호스팩,Q
493790,유안타제17호스팩,Q
003475,유안타증권우,P
003470,유안타증권,P
263770,유에스티,Q
337840,유엑스엔,X
072130,유엔젤,P
000225,유유제약1우,P
000227,유유제약2우B,P
000220,유유제약,P
388720,유일로보틱스,Q
340930,유일에너테크,Q
023410,유진기업,Q
468760,유진스팩10호,Q
488060,유진스팩11호,Q
0105P0,유진스팩12호,Q
056080,유진로봇,Q
084370,유진테크,Q
240600,유진테크놀로지,Q
001200,유진투자증권,P
179900,유티아이,Q
263050,유틸렉스,Q
000105,유한양행우,P
000100,유한양행,P
003465,유화증권우,P
003460,유화증권,P
191410,육일씨엔에쓰,Q
372170,윤성에프앤씨,Q
146060,율촌,Q
008730,율촌화학,P
008250,이건산업,P
039020,이건홀딩스,Q
025820,이구산업,P
067920,이글루,Q
044960,이글벳,Q
303530,이노뎁,Q
302430,이노메트리,Q
279060,이노벡스,X
214320,이노션,P
462350,이노스페이스,Q
274400,이노시뮬레이션,Q
296640,이노에이엑스,Q
215790,이노인스트루먼트,Q
344860,이노진,Q
333050,이노테나,Q
469610,이노테크,Q
088390,이녹스,Q
272290,이녹스첨단소재,Q
053350,이니텍,Q
452400,이닉스,Q
264850,이랜시스,Q
054210,이랜텍,Q
009730,이렘,Q
065440,이루온,Q
088260,이리츠코크렙,P
139480,이마트,P
424870,이뮨온시아,Q
115610,이미지스,Q
478110,이베스트스팩6호,Q
131400,이브이첨단소재,Q
208850,이비테크,X
351330,이삭엔지니어링,Q
080010,이상네트웍스,Q
379390,이성씨엔아이,X
457190,이수스페셜티케미컬,P
086890,이수앱지스,Q
007660,이수페타시스,P
005950,이수화학,P
015020,이스타코,P
047560,이스트소프트,Q
239340,이스트에이드,Q
067010,이씨에스,Q
418620,E8,Q
456070,이엔셀,Q
102710,이엔에프테크놀로지,Q
074610,이엔플러스,P
041520,이엘씨,Q
063760,이엘피,Q
123570,이엠넷,Q
278990,EMB,X
083470,이엠앤아이,Q
091120,이엠텍,Q
232530,이엠티,X
102460,이연제약,P
039030,이오테크닉스,Q
294090,이오플로우,Q
245620,EDGC,Q
088290,이원컴포텍,Q
084680,이월드,P
037370,EG,Q
353810,이지바이오,Q
261520,이지스,Q
350520,이지스레지던스리츠,P
334890,이지스밸류플러스리츠,P
099750,이지케어텍,Q
377330,이지트로닉스,Q
035810,이지홀딩스,Q
092130,이크레더블,Q
134060,이퓨쳐,Q
001840,이화공영,Q
000760,이화산업,P
014990,인디에프,P
041830,인바디,Q
352940,인바이오,Q
101140,인바이오젠,P
216400,인바이츠바이오코아,X
079950,인베니아,Q
0007J0,인벤테라,Q
389470,인벤티지랩,Q
277410,인산가,Q
060150,인선이엔티,Q
033230,인성정보,Q
450520,인스웨이브,Q
006490,인스코비,P
465480,인스피언,Q
037330,인지디스플레,Q
100030,인지소프트,Q
023800,인지컨트롤스,P
034590,인천도시가스,P
211050,인카금융서비스,Q
083640,인콘,Q
064090,인크레더블버즈,Q
216050,인크로스,Q
049070,인탑스,Q
311960,인터로이드,X
119610,인터로조,Q
017250,인터엠,Q
129260,인터지스,P
051370,인터플렉스,Q
064290,인텍플러스,Q
189300,인텔리안테크,Q
287840,인투셀,Q
048530,인트론바이오,Q
070590,인티큐브,Q
023810,인팩,P
115310,인포바인,Q
039290,인포뱅크,Q
071200,인피니트헬스케어,Q
101930,인화정공,Q
249420,일동제약,P
000230,일동홀딩스,P
013360,일성건설,P
003120,일성아이에스,P
333430,일승,Q
068330,일신바이오,Q
003200,일신방직,P
007110,일신석재,P
007575,일양약품우,P
007570,일양약품,P
178780,일월지엠엘,Q
008500,일정실업,P
019540,일지테크,Q
081000,일진다이아,P
020760,일진디스플,P
103590,일진전기,P
094820,일진파워,Q
271940,일진하이솔루스,P
015860,일진홀딩스,P
226320,잇츠한불,P
950140,잉글우드랩,Q
049550,잉크테크,Q
389020,자람테크놀로지,Q
254120,자비스,Q
043910,자연과환경,Q
234920,자이글,Q
289220,자이언트스텝,Q
317400,자이에스앤디,P
033240,자화전자,P
049630,재영솔루텍,Q
417840,저스템,Q
000950,전방,P
079900,전진건설로봇,P
110020,전진바이오팜,Q
208140,정다운,Q
040420,정상제이엘에스,Q
045510,정원엔시스,Q
217190,제너셈,Q
095700,제넥신,Q
122310,제노레이,Q
361390,제노코,Q
066830,제노텍,X
225220,제놀루션,Q
123330,제닉,Q
381620,제닉스로보틱스,Q
159580,제로투세븐,Q
147830,제룡산업,Q
033100,제룡전기,Q
079370,제우스,Q
067290,JW신약,Q
054950,제이브이엠,Q
090470,제이스로보틱스,Q
023440,제이스코홀딩스,Q
137950,제이씨케미칼,Q
033320,제이씨현시스템,Q
417500,제이아이테크,Q
348950,제이알글로벌리츠,P
204270,제이앤티씨,Q
127120,제이에스링크,Q
194370,제이에스코퍼레이션,P
026040,제이에스티나,Q
452160,제이엔비,Q
126880,제이엔케이글로벌,Q
322510,제이엘케이,Q
254160,제이엠멀티,X
033050,제이엠아이,Q
094970,제이엠티,Q
418550,제이오,Q
035900,JYP Ent.,Q
204210,JK리버스톤리츠,P
060230,제이케이시냅스,Q
420570,제이투케이바이오,Q
089790,제이티,Q
950170,JTC,Q
0010V0,제이피아이헬스케어,Q
030000,제일기획,P
271980,제일약품,P
412540,제일엠앤에스,Q
001560,제일연마,P
199820,제일일렉트릭,Q
038010,제일테크노스,Q
002620,제일파마홀딩스,P
080220,제주반도체,Q
006220,제주은행,P
089590,제주항공,P
216080,제테마,Q
337930,젝시믹스,Q
229000,젠큐릭스,Q
082270,젬백스,Q
004910,조광페인트,P
004700,조광피혁,P
001550,조비,P
462520,조선내화,P
120030,조선선재,P
034940,조아제약,Q
067000,조이시티,Q
309930,조이웍스앤코,Q
018470,조일알미늄,P
002600,조흥,P
018700,졸스,Q
063160,종근당바이오,P
185750,종근당,P
001630,종근당홀딩스,P
033340,좋은사람들,Q
036930,주성엔지니어링,Q
109070,주성코퍼레이션,P
185190,수프로,X
357580,아모센스,Q
226400,오스테오닉,Q
440320,오픈놀,Q
189350,코셋,X
348080,큐라티스,Q
023450,동남합성,P
002380,KCC,P
044380,주연테크,P
024110,기업은행,P
072020,중앙백신,Q
000440,중앙에너비스,Q
051980,중앙첨단소재,Q
221800,지구홀딩스,Q
228760,지노믹트리,Q
314130,지놈앤컴퍼니,Q
013890,지누스,P
389030,지니너스,Q
263860,지니언스,Q
303030,지니틱스,Q
208350,지란지교시큐리티,Q
446840,지슨,Q
144510,지씨셀,Q
340450,지씨지놈,Q
306620,지아이에스,Q
358570,지아이이노베이션,Q
382480,지아이텍,Q
382800,지앤비에스 에코,Q
299480,지앤이헬스케어,X
051160,지어소프트,Q
001250,GS글로벌,P
007070,GS리테일,P
053050,지에스이,Q
499790,GS피앤엘,P
076340,지에이이노더스,X
130500,GH신소재,Q
388610,지에프씨생명과학,Q
493330,지에프아이,Q
119850,지엔씨에너지,Q
065060,지엔코,Q
204840,지엘팜텍,Q
013870,지엠비코리아,P
071320,지역난방공사,P
311320,지오엘리먼트,Q
456160,지투지바이오,Q
388050,지투파워,Q
088790,진도,P
018120,진로발효,Q
109820,진매트릭스,Q
086060,진바이오텍,Q
036890,진성티이씨,Q
363250,진시스템,Q
003780,진양산업,P
007370,진양제약,Q
010640,진양폴리,P
100250,진양홀딩스,P
051630,진양화학,P
272450,진에어,P
285800,진영,Q
011000,진원생명과학,P
250030,진코스텍,X
002785,진흥기업우B,P
002787,진흥기업2우B,P
002780,진흥기업,P
233990,질경이,X
025620,차AI헬스케어,P
085660,차바이오텍,Q
900250,크리스탈신소재,Q
351870,차이커뮤니케이션,Q
009310,참엔지니어링,P
094850,참좋은여행,Q
004650,창해에탄올,Q
0011T0,채비,Q
278280,천보,Q
000650,천일고속,P
362320,청담글로벌,Q
066360,체리부로,Q
033250,체시스,P
047820,초록뱀미디어,Q
094360,칩스앤미디어,Q
0082N0,카나프테라퓨틱스,Q
016920,카스,Q
284620,카이노스메드,Q
293490,카카오게임즈,Q
323410,카카오뱅크,P
035720,카카오,P
377300,카카오페이,P
140430,카티스,Q
042000,카페24,Q
006380,카프로,P
313760,캐리,Q
071850,캐스텍코리아,Q
198080,캐프,Q
210120,캔버스엔,Q
050110,캠시스,Q
452300,캡스톤파트너스,Q
451760,컨텍,Q
900310,컬러레이,Q
078340,컴투스,Q
063080,컴투스홀딩스,Q
307930,컴퍼니케이,Q
079190,케스피온,Q
263700,케어랩스,Q
214370,케어젠,Q
221980,케이디켐,Q
038530,케이바이오랩스,Q
279570,케이뱅크,P
415640,KB발해인프라,P
001620,케이비아이동국실업,P
008970,KBI동양철관,P
024840,KBI메탈,Q
464680,KB제27호스팩,Q
478390,KB제29호스팩,Q
486630,KB제30호스팩,Q
492220,KB제31호스팩,Q
0037T0,KB제32호스팩,Q
0072Z0,KB제33호스팩,Q
318000,KBG,Q
192250,케이사인,Q
431190,케이쓰리아이,Q
009440,KC그린홀딩스,P
029460,케이씨,P
112190,KC산업,X
021320,KCC건설,Q
344820,KCC글라스,P
115500,케이씨에스,Q
119650,KC코트렐,P
281820,케이씨텍,P
089150,케이씨티,Q
025880,케이씨피드,Q
093320,케이아이엔엑스,Q
093640,케이알엠,Q
044450,KSS해운,P
101000,KS인더스트리,Q
073010,케이에스피,Q
060720,KH바텍,Q
122450,KX,Q
052900,KX하이텍,Q
105330,케이엔더블유,Q
053080,케이엔솔,Q
199430,케이엔알시스템,Q
432470,케이엔에스,Q
058400,KNN,Q
272110,케이엔제이,Q
039420,케이엘넷,Q
083550,케이엠,Q
032500,케이엠더블유,Q
225430,케이엠제약,Q
102370,케이옥션,Q
068100,케이웨더,Q
092220,KEC,P
106080,케이이엠텍,Q
036560,KZ정밀,Q
455180,케이지에이,Q
151860,KG에코솔루션,Q
035600,KG이니시스,Q
381970,케이카,P
145270,케이탑리츠,P
089600,KT나스미디어,Q
418470,KT밀리의서재,Q
030200,KT,P
053210,스카이라이프,P
058850,KTcs,P
058860,KTis,P
036030,케이티알파,Q
033780,KT&G,P
043610,KT지니뮤직,Q
064820,케이프,Q
024880,케이피에프,Q
042040,케이피엠테크,Q
054410,케이피티유,Q
288180,케이피항공산업,Q
258610,케일럼,Q
274090,켄코아에어로스페이스,Q
402420,켈스,X
089010,켐트로닉스,Q
220260,켐트로스,Q
176590,코나솔,X
052400,코나아이,Q
402030,코난테크놀로지,Q
391710,코닉오토메이션,Q
046070,코다코,Q
047770,코데즈컴바인,Q
080530,코디,Q
417310,코람코더원리츠,P
357120,코람코라이프인프라리츠,P
104540,코렌텍,Q
027050,코리아나,Q
007815,코리아써우,P
00781K,코리아써키트2우B,P
007810,코리아써키트,P
190650,코리아에셋투자증권,Q
123410,코리아에프티,Q
003690,코리안리,P
036690,코맥스,Q
049430,코메론,Q
183300,코미코,Q
041960,코미팜,Q
089890,코세스,Q
360350,코셈,Q
082660,코스나인,Q
043710,코스리거글로벌,Q
192820,코스맥스,P
044820,코스맥스비티아이,P
222040,코스맥스엔비티,Q
241710,코스메카코리아,Q
439960,코스모로보틱스,Q
005070,코스모신소재,P
005420,코스모화학,P
355150,코스텍시스,Q
169670,코스텍시스템,X
071950,코아스,P
166480,코아스템켐온,Q
045970,코아시아,Q
196450,코아시아씨엠,Q
384470,코어라인소프트,Q
002025,코오롱우,P
003075,코오롱글로벌우,P
003070,코오롱글로벌,P
002020,코오롱,P
102940,코오롱생명과학,Q
120115,코오롱인더우,P
120110,코오롱인더,P
950160,코오롱티슈진,Q
021240,코웨이,P
056360,코위버,Q
282880,코윈테크,Q
121850,코이즈,Q
448710,코츠테크놀로지,Q
126730,코칩,Q
015710,코콤,Q
052330,코텍,Q
322780,코퍼스코리아,Q
036420,콘텐트리중앙,P
200130,콜마비앤에이치,Q
024720,콜마홀딩스,P
294570,쿠콘,Q
192400,쿠쿠홀딩스,P
284740,쿠쿠홈시스,P
464490,쿼드메디슨,Q
317690,퀀타매트릭스,Q
432720,퀄리타스반도체,Q
456190,큐라켐,X
365270,큐라클,Q
060280,큐렉소,Q
372320,큐로셀,Q
051780,큐로홀딩스,Q
115180,큐리언트,Q
494120,큐리오시스,Q
445680,큐리옥스바이오시스템즈,Q
182360,큐브엔터,Q
405100,큐알티,Q
066310,큐에스아이,Q
377460,큐에이드,Q
136660,큐엠씨,X
016600,큐캐피탈,Q
355390,크라우드웍스,Q
26490K,크라운제과우,P
264900,크라운제과,P
005745,크라운해태홀딩스우,P
005740,크라운해태홀딩스,P
259960,크래프톤,P
096240,크레버스,Q
040350,크레오에스지,Q
215570,크로넥스,X
110790,크리스에프앤씨,Q
045520,크린앤사이언스,Q
214150,클래시스,Q
466100,클로봇,Q
237880,클리오,Q
139670,키네마스터,Q
020120,키다리스튜디오,P
475430,키스트론,Q
487720,키움제10호스팩,Q
489480,키움제11호스팩,Q
039490,키움증권,P
466690,키움히어로제1호스팩,Q
0131D0,키움히어로제2호스팩,Q
054780,키이스트,Q
256940,킵스파마,Q
336040,타스컴,X
219130,타이거일렉,Q
346010,타이드,X
318660,타임기술,X
476710,타조이엔터테인먼트,X
434190,탈로스,X
336680,탑런토탈솔루션,Q
360070,탑머티리얼,Q
180060,탑선,X
065130,탑엔지니어링,Q
134580,탑코미디어,Q
014580,태경비케이,P
015890,태경산업,P
006890,태경케미컬,P
023160,태광,Q
003240,태광산업,P
011280,태림포장,P
323280,태성,Q
053620,태양,Q
052960,태양3C,X
004105,태양금속우,P
004100,태양금속,P
116100,태양기계,X
009410,태영건설,P
009415,태영건설우,P
044490,태웅,Q
124560,태웅로직스,Q
001420,태원물산,P
191420,테고사이언스,Q
950250,테라뷰,Q
073640,테라사이언스,Q
066700,테라젠이텍스,Q
095610,테스,Q
055490,테이팩스,P
064520,테크엘,Q
089030,테크윙,Q
258050,테크트랜스,X
054450,텔레칩스,Q
078000,텔코웨어,P
200230,텔콘RF제약,Q
214420,토니모리,P
393210,토마토시스템,Q
475960,토모큐브,Q
215480,토박스코리아,Q
051360,토비스,Q
045340,토탈소프트,Q
108230,톱텍,Q
079970,투비소프트,Q
199800,툴젠,Q
417790,트루엔,Q
091810,트리니티항공,P
290090,트윔,Q
026150,특수건설,Q
464280,티디에스팜,Q
117730,티로보틱스,Q
033830,티비씨,Q
057680,티사이언티픽,Q
204610,티쓰리,Q
125020,티씨머티리얼즈,Q
064760,티씨케이,Q
246710,티앤알바이오팹,Q
340570,티앤엘,Q
043220,티에스넥스젠,Q
277880,티에스아이,Q
131290,티에스이,Q
246690,TS인베스트먼트,Q
317240,TS트릴리온,Q
019180,티에이치엔,P
425420,티에프이,Q
484810,티엑스알로보틱스,Q
131100,티엔엔터테인먼트,Q
356860,티엘비,Q
413300,티엘엔지니어링,X
217590,티엠씨,P
002900,TYM,P
36328K,티와이홀딩스우,P
363280,티와이홀딩스,P
321550,티움바이오,Q
004870,티웨이홀딩스,P
425040,티이엠씨,Q
241790,티이엠씨씨엔에스,Q
032540,TJ미디어,Q
022220,티케이지애강,Q
069260,TKG휴켐스,P
104480,티케이케미칼,Q
081150,티플랙스,Q
007980,TP,P
130740,티피씨글로벌,Q
217880,틸론,X
084730,팅크웨어,Q
440110,파두,Q
034230,파라다이스,P
288330,파라택시스코리아,Q
290560,파라택시스이더리움,Q
033540,파라텍,Q
388870,파로스아이바이오,Q
043200,파루,Q
214450,파마리서치,Q
217950,파마리서치바이오,X
005690,파미셀,P
177830,파버나인,Q
037070,파세코,Q
150900,파수AI,Q
037030,파워넷,Q
047310,파워로직스,Q
368770,파이버프로,Q
170790,파이오링크,Q
900100,파이온엑스,Q
049120,파인디앤씨,Q
038950,파인디지털,Q
387570,파인메딕스,Q
441270,파인엠텍,Q
106240,파인테크닉스,Q
131760,파인텍,Q
065690,파커스,Q
140860,파크시스템스,Q
091700,파트론,Q
202960,판도라티비,X
032800,판타지오,Q
318010,팜스빌,Q
036580,팜스코,P
027710,팜스토리,Q
004720,팜젠사이언스,P
266350,팡스카이,X
225590,패션플랫폼,Q
054300,팬스타엔터프라이즈,Q
068050,팬엔터테인먼트,Q
028670,팬오션,P
222110,팬젠,Q
271830,팸텍,Q
010820,퍼스텍,P
016800,퍼시스,P
263750,펄어비스,Q
251970,펌텍코리아,Q
187660,페니트리움바이오,Q
0015S0,페스카로,Q
001020,페이퍼코리아,P
327610,펨토바이오메드,X
168360,펨트론,Q
087010,펩트론,Q
090080,평화산업,P
010770,평화홀딩스,P
064800,포니링크,Q
119500,포메탈,Q
389140,포바이포,Q
105760,포스뱅크,Q
022100,포스코DX,P
058430,포스코스틸리온,P
047050,포스코인터내셔널,P
003670,포스코퓨처엠,P
005490,POSCO홀딩스,P
189690,포시에스,Q
318020,포인트모바일,Q
256630,포인트엔지니어링,Q
331380,포커스에이아이,Q
208710,포톤,Q
472850,폰드그룹,Q
234100,폴라리스세원,Q
039980,폴라리스AI,Q
041910,폴라리스AI파마,Q
041020,폴라리스오피스,Q
114630,폴라리스우노,Q
487580,폴레드,Q
290720,푸드나무,Q
005670,푸드웰,Q
094940,푸른로보틱스,Q
007330,푸른저축은행,Q
017810,풀무원,P
093380,풍강,Q
023900,풍국주정,Q
103140,풍산,P
005810,풍산홀딩스,P
371950,풍원정밀,Q
298060,풍전약품,Q
370090,퓨런티어,Q
445180,퓨릿,Q
341170,퓨쳐메디신,X
220100,퓨쳐켐,Q
035200,프럼파스트,Q
334970,프레스티지바이오로직스,Q
950210,프레스티지바이오파마,P
227100,프로브잇,Q
321260,프로이천,Q
296160,프로젠,X
053610,프로텍,Q
468530,프로티나,Q
303360,프로티아,Q
377220,프롬바이오,Q
335810,프리시젼바이오,Q
053160,프리엠스,Q
405000,플라즈맵,Q
041590,플래스크,Q
367000,플래티어,Q
075130,플랜티넷,Q
222670,플럼라인생명과학,X
009810,플레이그램,P
237820,플레이디,Q
023770,플레이위드,Q
019570,플루토스,Q
300080,플리토,Q
033790,피노,Q
032580,피델릭스,Q
051380,피씨디렉트,Q
241820,피씨엘,Q
452450,피아이이,Q
178920,PI첨단소재,P
237750,피앤씨테크,Q
460940,피앤에스로보틱스,Q
332570,PS일렉트로닉스,Q
319660,피에스케이,Q
031980,피에스케이홀딩스,Q
002230,피에스텍,Q
043370,피에이치에이,Q
239890,피엔에이치테크,Q
347740,피엔케이피부임상연구센타,Q
137400,피엔티,Q
257370,피엔티엠에스,Q
024940,PN풍년,Q
147760,피엠티,Q
128660,피제이메탈,Q
006140,피제이전자,Q
001340,PKC,P
376180,피코그램,Q
304840,피플바이오,Q
087600,픽셀플러스,Q
291810,핀텔,Q
378340,필에너지,Q
161580,필옵틱스,Q
347770,핌스,Q
163730,핑거,Q
417180,핑거스토리,Q
469880,하나30호스팩,Q
469900,하나31호스팩,Q
475240,하나32호스팩,Q
475250,하나33호스팩,Q
484130,하나34호스팩,Q
0041L0,하나35호스팩,Q
0101C0,하나36호스팩,Q
086790,하나금융지주,P
299030,하나기술,Q
067310,하나마이크론,Q
166090,하나머티리얼즈,Q
293480,하나제약,P
039130,하나투어,P
136480,하림,Q
003380,하림지주,Q
450330,하스,Q
101670,하이드로리튬,Q
365590,하이딥,Q
149980,하이로닉,Q
013030,하이록코리아,Q
352820,하이브,P
126700,하이비젼시스템,Q
071090,하이스틸,P
160190,하이젠알앤엠,Q
221840,하이즈항공,Q
106190,하이텍팜,Q
000087,하이트진로2우B,P
000080,하이트진로,P
000145,하이트진로홀딩스우,P
000140,하이트진로홀딩스,P
065650,하이퍼코퍼레이션,Q
066130,하츠,Q
004590,한국가구,Q
036460,한국가스공사,P
039340,한국경제TV,Q
005430,한국공항,P
034950,한국기업평가,Q
010040,한국내화,P
025540,한국단자,P
222980,한국맥널티,Q
010100,한국무브넥스,P
331660,한국미라클피플사,X
256840,한국비엔씨,Q
219750,한국비티비,Q
004090,한국석유,P
025550,한국선재,Q
002200,한국수출포장,P
002960,한국쉘석유,P
017890,한국알콜,Q
000240,한국앤컴퍼니,P
033270,유나이티드제약,P
080720,한국유니온제약,Q
123890,한국자산신탁,P
015760,한국전력,P
052690,한전기술,P
041460,한국전자인증,Q
006200,한국전자홀딩스,P
101680,한국정밀기계,Q
039740,한국정보공학,Q
053300,한국정보인증,Q
025770,한국정보통신,Q
464440,한국제13호스팩,Q
479880,한국제15호스팩,Q
027970,한국제지,P
023350,한국종합기술,P
025890,한국주강,P
000970,한국주철관,P
104700,한국철강,P
062970,한국첨단소재,Q
017960,한국카본,P
023760,한국캐피탈,Q
054040,한국컴퓨터,Q
161890,한국콜마,P
021650,한국큐빅,Q
161390,한국타이어앤테크놀로지,P
034830,한국토지신탁,P
071055,한국금융지주우,P
071050,한국금융지주,P
007280,한국특강,P
032300,한국파마,Q
037230,한국팩키지,Q
448900,한국피아이엠,Q
047810,한국항공우주,P
123690,한국화장품,P
003350,한국화장품제조,P
030520,한글과컴퓨터,Q
052600,한네트,Q
011500,한농화성,P
002390,한독,P
256150,한독크린텍,Q
092460,한라IMS,Q
125490,한라캐스트,Q
053690,한미글로벌,P
042700,한미반도체,P
008930,한미사이언스,P
128940,한미약품,P
452190,한빛레이저,Q
047080,한빛소프트,Q
009240,한샘,P
452280,한선엔지니어링,Q
020000,한섬,P
003680,한성기업,P
066980,한성크린텍,Q
105630,한세실업,P
069640,한세엠케이,P
016450,한세예스24홀딩스,P
009180,한솔로지스틱스,P
114810,한솔아이원스,Q
213500,한솔제지,P
014680,한솔케미칼,P
004710,한솔테크닉스,P
004150,한솔홀딩스,P
025750,한솔홈데코,P
042520,한스바이오메드,Q
004960,한신공영,P
011700,한신기계,P
430690,한싹,Q
078350,한양디지텍,Q
045100,한양이엔지,Q
001755,한양증권우,P
001750,한양증권,P
018880,한온시스템,P
009420,한올바이오파마,P
320000,한울반도체,Q
091440,한울소재과학,Q
276730,한울앤제주,Q
014130,한익스프레스,P
024740,한일단조,Q
005860,한일사료,Q
300720,한일시멘트,P
002220,한일철강,P
003300,한일홀딩스,P
007770,한일화학,Q
051600,한전KPS,P
130660,한전산업,P
198940,한주라이트메탈,Q
058450,한주에이알티,Q
107640,한중엔시에스,Q
002320,한진,P
003480,한진중공업홀딩스,P
18064K,한진칼우,P
180640,한진칼,P
005110,한창,P
079170,한창산업,Q
009460,한창제지,P
372910,한컴라이프케어,P
054920,한컴위드,Q
457370,한켐,Q
002680,한탑,Q
098070,한텍,Q
408470,한패스,Q
00088K,한화3우B,P
45226K,한화갤러리아우,P
452260,한화갤러리아,P
451800,한화리츠,P
000880,한화,P
489790,한화비전,P
088350,한화생명,P
000370,한화손해보험,P
009835,한화솔루션우,P
009830,한화솔루션,P
272210,한화시스템,P
012450,한화에어로스페이스,P
082740,한화엔진,P
042660,한화오션,P
003535,한화투자증권우,P
003530,한화투자증권,P
498390,한화플러스제5호스팩,Q
195870,해성디에스,P
034810,해성산업,Q
03481K,해성산업1우,Q
059270,해성에어로보틱스,Q
076610,해성옵틱스,Q
101530,해태제과식품,P
220180,핸디소프트,Q
143210,핸즈코퍼레이션,P
900270,헝셩그룹,Q
214180,헥토이노베이션,Q
234340,헥토파이낸셜,Q
084990,헬릭스미스,Q
000725,현대건설우,P
000720,현대건설,P
170030,현대공업,Q
453340,현대그린푸드,P
086280,현대글로비스,P
064350,현대로템,P
079430,현대리바트,P
012330,현대모비스,P
319400,현대무벡스,Q
052260,현대바이오랜드,Q
048410,현대바이오,Q
069960,현대백화점,P
004560,현대비앤지스틸,P
016790,현대사료,Q
004310,현대약품,P
041440,현대에버다임,Q
039010,현대에이치티,Q
017800,현대엘리베이터,P
307950,현대오토에버,P
011210,현대위아,P
090850,현대이지웰,Q
005385,현대차우,P
005387,현대차2우B,P
005389,현대차3우B,P
005380,현대차,P
004020,현대제철,P
005440,현대지에프홀딩스,P
001500,현대차증권,P
011760,현대코퍼레이션,P
227840,현대코퍼레이션홀딩스,P
126560,현대퓨처넷,P
001450,현대해상,P
057050,현대홈쇼핑,P
460930,현대힘스,Q
092300,현우산업,Q
308100,형지글로벌,Q
011080,형지I&C,Q
093240,형지엘리트,P
003010,혜인,P
111110,호전실업,P
008775,호텔신라우,P
008770,호텔신라,P
064240,홈캐스트,Q
039610,화성밸브,Q
378850,화승알앤에이,P
241590,화승엔터프라이즈,P
006060,화승인더,P
013520,화승코퍼레이션,P
010690,화신,P
126640,화신정공,Q
133820,화인베스틸,P
127980,화인써키트,Q
061250,화일약품,Q
010660,화천기계,P
000850,화천기공,P
016580,환인제약,P
032560,황금에스티,P
004800,효성,P
094280,효성ITX,P
097870,효성오앤비,Q
298040,효성중공업,P
298020,효성티앤씨,P
298000,효성화학,P
093370,후성,P
290270,휴네시온,Q
005870,휴니드,P
353190,휴럼,Q
090710,휴림로봇,Q
078590,휴림에이텍,Q
205470,휴마시스,Q
115160,휴맥스,Q
028080,휴맥스홀딩스,Q
175140,휴먼테크놀로지,Q
200670,휴메딕스,Q
079980,휴비스,P
065510,휴비츠,Q
005010,휴스틸,P
263920,휴엠앤씨,Q
243070,휴온스,Q
084110,휴온스글로벌,Q
145020,휴젤,Q
024060,흥구석유,Q
010240,흥국,Q
189980,흥국에프엔비,Q
000545,흥국화재우,P
000540,흥국화재,P
003280,흥아해운,P
037440,희림,Q
238490,힘스,Q
